% Children in Poverty,% LBW,AFGR,County,Graduation Rate,Teen Birth Rate,Teen Births,year
20.4,8.0908713791,,,87.224752986,35.158533617,56051.0,2017
25.3,6.9444444444,,Adams,93.864942529,31.029292578,268.0,2017
20.8,8.8979966026,,Allen,88.578725645,35.775185867,3147.0,2017
15.5,7.6440932007,,Bartholomew,91.24973545,47.898675878,832.0,2017
18.2,4.600811908,,Benton,92.5,31.360647446,62.0,2017
24.0,8.3168316832,,Blackford,92.5,46.643109541,132.0,2017
7.4,6.7776456599,,Boone,96.761966365,16.980072972,242.0,2017
19.9,4.6153846154,,Brown,87.5,23.098244533,75.0,2017
13.7,6.9553805774,,Carroll,95.291878173,24.471173787,118.0,2017
20.0,7.893258427,,Cass,91.268099548,48.185941043,425.0,2017
16.2,7.9938062518,,Clark,92.46031746,43.381056795,1009.0,2017
20.4,6.9501600366,,Clay,93.0,38.940564402,247.0,2017
18.5,7.7329192547,,Clinton,90.190023753,46.030071221,349.0,2017
28.5,9.4478527607,,Crawford,87.5,40.279490341,98.0,2017
21.9,7.0616883117,,Daviess,93.048986486,39.471947195,299.0,2017
12.7,7.6021869305,,Dearborn,93.027777778,28.943432744,329.0,2017
18.6,7.3275862069,,Decatur,92.5,45.220966084,264.0,2017
14.9,6.8741542625,,DeKalb,90.835962145,37.18927383,380.0,2017
31.2,9.3746466131,,Delaware,93.599048443,23.690651003,968.0,2017
9.0,7.3426573427,,Dubois,94.754545455,27.096774194,273.0,2017
19.4,7.3696824446,,Elkhart,86.914779745,47.264653276,2299.0,2017
23.8,7.3144104803,,Fayette,92.0,59.50350578,314.0,2017
17.5,8.4745762712,,Floyd,91.139978791,32.650771388,582.0,2017
18.9,6.2997827661,,Fountain,93.965517241,47.108086888,180.0,2017
13.7,7.0325900515,,Franklin,94.826203209,25.793998947,147.0,2017
19.7,8.0741953082,,Fulton,90.448113208,44.014084507,200.0,2017
14.6,7.7913043478,,Gibson,89.457746479,36.465638149,286.0,2017
26.9,9.6036036036,,Grant,95.779639175,35.922192248,759.0,2017
21.6,7.5,,Greene,93.505665722,40.580526983,288.0,2017
5.2,7.0290394639,,Hamilton,93.89763178,10.92081281,725.0,2017
8.1,7.2951120911,,Hancock,92.239130435,23.469387755,391.0,2017
15.3,7.3397542345,,Harrison,92.518306636,32.651596699,273.0,2017
6.7,6.6845136692,,Hendricks,96.692728137,17.337759995,611.0,2017
20.6,8.0127277987,,Henry,92.185053381,34.810415715,381.0,2017
24.8,7.3088297423,,Howard,81.670154686,46.215052591,848.0,2017
16.2,8.2384460817,,Huntington,90.0,31.348291046,299.0,2017
16.8,7.1871127633,,Jackson,95.224948875,53.231129565,500.0,2017
13.2,6.408839779,,Jasper,90.187823834,29.215358932,245.0,2017
24.9,7.9476390837,,Jay,95.0,40.486599506,213.0,2017
20.2,8.416220352,,Jefferson,85.903846154,35.644211903,327.0,2017
21.1,8.3535108959,,Jennings,89.0,56.275247249,404.0,2017
10.7,6.9789154283,,Johnson,91.44002181,30.246749801,1026.0,2017
24.1,7.7111383109,,Knox,97.5,36.42482431,368.0,2017
13.8,7.2340425532,,Kosciusko,91.009487666,35.602316807,670.0,2017
13.6,5.2872685627,,LaGrange,92.5,22.585438336,228.0,2017
26.5,9.2222675182,,Lake,84.628526149,37.116079774,4487.0,2017
24.7,9.1910977958,,LaPorte,88.859314108,44.120179063,1025.0,2017
21.0,9.0037757769,,Lawrence,87.135902637,47.698396167,458.0,2017
25.2,8.3680073971,,Madison,83.369485294,44.870264926,1316.0,2017
31.0,9.2507859734,,Marion,72.131333094,48.586466093,10090.0,2017
15.0,6.1925495888,,Marshall,88.805785124,31.421838178,360.0,2017
19.5,7.1120689655,,Martin,93.1,38.444735692,88.0,2017
22.6,8.8301043219,,Miami,88.371934605,40.151994934,317.0,2017
18.2,7.3644694711,,Monroe,92.903386454,11.322813023,602.0,2017
18.7,7.6568265683,,Montgomery,97.5,44.18684724,385.0,2017
16.2,7.7668128655,,Morgan,90.979434447,34.810509747,575.0,2017
17.6,6.4741035857,,Newton,89.957627119,34.182722188,110.0,2017
14.2,6.9670227589,,Noble,86.627224199,38.224841813,441.0,2017
15.6,6.7183462532,,Ohio,92.5,31.772575251,38.0,2017
24.3,7.9573934837,,Orange,83.625461255,36.472285184,177.0,2017
24.8,6.8543451652,,Owen,92.5,38.485033598,189.0,2017
25.0,7.4294205052,,Parke,85.214285714,38.535118885,141.0,2017
18.0,8.3857442348,,Perry,93.482587065,47.200878156,172.0,2017
16.2,8.8442211055,,Pike,92.5,42.05433569,113.0,2017
14.8,6.8993116696,,Porter,91.161623109,21.010381309,848.0,2017
12.9,7.0987654321,,Posey,91.338383838,27.895900663,164.0,2017
21.1,5.9862610402,,Pulaski,95.388198758,35.831689678,109.0,2017
17.6,7.0588235294,,Putnam,91.915137615,23.967317295,264.0,2017
27.1,9.010270775,,Randolph,93.626126126,43.585526316,265.0,2017
15.4,7.3240589198,,Ripley,86.966911765,34.443495588,242.0,2017
20.4,7.753164557,,Rush,97.5,39.230384808,157.0,2017
24.5,8.0105739576,,St. Joseph,88.065976009,33.675908879,2451.0,2017
24.0,9.828009828,,Scott,87.5,52.49585559,285.0,2017
17.2,6.4364640884,,Shelby,93.755,42.355788624,420.0,2017
12.0,6.6583696329,,Spencer,93.184647303,31.26277074,153.0,2017
23.0,6.8514644351,,Starke,91.231617647,42.13734983,235.0,2017
16.0,7.298136646,,Steuben,81.018394649,34.662045061,300.0,2017
20.9,8.2518337408,,Sullivan,89.18161435,49.793538985,205.0,2017
28.3,6.3806380638,,Switzerland,97.5,39.279112754,85.0,2017
17.8,6.9466472118,,Tippecanoe,85.343434343,23.679779858,1308.0,2017
12.9,7.7369439072,,Tipton,95.691489362,29.87992181,107.0,2017
20.3,6.1188811189,,Union,92.5,38.572251007,67.0,2017
24.8,9.1433176296,,Vanderburgh,77.921210306,37.300624728,1630.0,2017
18.5,8.4048027444,,Vermillion,90.416666667,44.557416268,149.0,2017
25.2,7.6702666961,,Vigo,91.0,40.594645406,1166.0,2017
18.1,7.6301978199,,Wabash,93.734256927,31.938454365,274.0,2017
16.3,5.819295559,,Warren,97.5,27.513227513,52.0,2017
9.8,8.4716533736,,Warrick,90.0,25.21946139,339.0,2017
22.9,7.2602739726,,Washington,92.5,38.426488457,253.0,2017
28.4,7.8627968338,,Wayne,83.63510101,45.484165255,698.0,2017
13.8,7.9133694294,,Wells,94.089147287,28.646639827,185.0,2017
17.9,7.7147016012,,White,85.867952522,44.539694372,239.0,2017
11.3,7.7289377289,,Whitley,95.659509202,30.717167773,236.0,2017
21.2,8.1665001954,,,87.252108867,37.284801217,59776.0,2016
28.5,7.4764353042,,Adams,94.687969925,31.310707348,274.0,2016
21.7,8.7874969842,,Allen,89.892223382,37.540687981,3310.0,2016
16.4,7.842605156,,Bartholomew,83.699450549,49.795128614,875.0,2016
18.0,4.9046321526,,Benton,97.5,34.074074074,69.0,2016
23.8,7.6699029126,,Blackford,92.5,50.344827586,146.0,2016
8.4,6.7605633803,,Boone,96.80608365,19.591019591,274.0,2016
20.6,5.3167420814,,Brown,92.5,23.589131084,79.0,2016
15.6,7.2312703583,,Carroll,90.495283019,26.348547718,127.0,2016
21.2,7.8852047924,,Cass,89.542986425,49.035008977,437.0,2016
16.4,8.0845288872,,Clark,91.701815039,45.055512523,1047.0,2016
21.3,6.6728025771,,Clay,92.0,40.01235903,259.0,2016
19.6,7.7133313088,,Clinton,89.923267327,48.478597215,376.0,2016
29.8,8.1047381546,,Crawford,87.5,44.593528019,113.0,2016
21.7,7.0794078062,,Daviess,93.989169675,42.710255734,324.0,2016
17.3,7.6219512195,,Dearborn,92.732866044,31.155081142,359.0,2016
19.4,7.7826086957,,Decatur,95.017730496,46.74025526,271.0,2016
14.8,6.7439978419,,DeKalb,91.804166667,40.101226397,412.0,2016
26.1,9.2077327076,,Delaware,93.586956522,24.829873899,1018.0,2016
9.9,7.1428571429,,Dubois,91.435121107,27.335984095,275.0,2016
19.8,7.3027622314,,Elkhart,86.155827703,50.023528449,2445.0,2016
23.4,7.6392572944,,Fayette,89.0,60.813308688,329.0,2016
17.2,8.3213083213,,Floyd,92.100215517,35.803915008,642.0,2016
19.8,6.5201984408,,Fountain,92.290794979,47.349459599,184.0,2016
15.4,7.0399113082,,Franklin,93.292207792,28.93779241,167.0,2016
21.6,7.5233388248,,Fulton,90.143979058,46.956521739,216.0,2016
16.9,7.633851468,,Gibson,89.733766234,36.900836926,291.0,2016
30.7,9.5926644331,,Grant,91.72363847,37.855477855,812.0,2016
21.9,7.6558800316,,Greene,90.147849462,43.448180434,314.0,2016
5.7,7.0516152989,,Hamilton,92.869737178,12.294182217,784.0,2016
9.4,7.4179743224,,Hancock,90.892491468,25.637910085,422.0,2016
15.9,7.7939233818,,Harrison,92.409090909,33.852323661,287.0,2016
7.9,7.0050843354,,Hendricks,95.989959839,19.304347826,666.0,2016
21.8,8.1011203677,,Henry,92.656079855,36.060279871,402.0,2016
24.0,7.3848706956,,Howard,86.9,48.060934399,896.0,2016
16.6,8.6970790942,,Huntington,87.0,32.018943684,311.0,2016
19.8,7.2126220887,,Jackson,94.822546973,55.16950937,524.0,2016
13.9,6.8206423674,,Jasper,88.732044199,32.926684828,278.0,2016
35.2,8.3333333333,,Jay,95.0,42.261457551,225.0,2016
25.4,8.5736255286,,Jefferson,91.400593472,35.791993037,329.0,2016
22.2,8.242862887,,Jennings,87.0,57.480862909,413.0,2016
13.2,6.9428373062,,Johnson,91.887547998,32.046700024,1076.0,2016
24.3,7.8610603291,,Knox,92.5,39.522964715,401.0,2016
16.7,7.1369863014,,Kosciusko,84.471470019,37.53690426,712.0,2016
16.6,5.3037427121,,LaGrange,90.945378151,24.183200079,245.0,2016
27.3,9.547615328,,Lake,84.997171489,39.25624923,4782.0,2016
28.9,9.483032033,,LaPorte,82.840744102,46.402524843,1088.0,2016
19.3,9.0987868284,,Lawrence,87.124248497,49.288513095,478.0,2016
23.4,8.3227790845,,Madison,85.049212598,46.469523235,1386.0,2016
31.4,9.326355212,,Marion,76.070441176,52.134236371,10946.0,2016
15.8,6.3075832743,,Marshall,85.477941176,32.913590968,379.0,2016
18.8,7.3796791444,,Martin,86.206140351,41.173893999,94.0,2016
23.3,8.6956521739,,Miami,94.254874652,42.045030476,338.0,2016
19.0,7.1311206047,,Monroe,93.709375,12.158911524,647.0,2016
18.5,7.8733031674,,Montgomery,95.708333333,46.558704453,414.0,2016
17.6,7.7993931822,,Morgan,86.039534884,36.681850875,612.0,2016
17.9,5.946481665,,Newton,90.074850299,35.714285714,118.0,2016
16.5,7.3710634414,,Noble,80.79076087,40.152963671,462.0,2016
16.9,7.614213198,,Ohio,,35.478547855,43.0,2016
28.1,8.5506367495,,Orange,83.862007168,38.295243978,186.0,2016
23.9,7.1172248804,,Owen,92.5,41.813208284,214.0,2016
25.9,6.7946824225,,Parke,85.170157068,38.79883072,146.0,2016
19.5,8.5365853659,,Perry,89.502314815,49.481245012,186.0,2016
16.9,9.3933463796,,Pike,97.5,42.831215971,118.0,2016
13.2,7.0434851737,,Porter,89.83490991,21.814148386,885.0,2016
13.6,7.0502851218,,Posey,88.136363636,29.637029637,178.0,2016
21.7,5.996131528,,Pulaski,93.409090909,34.493771958,108.0,2016
17.9,7.1510516252,,Putnam,92.087525151,26.846244238,297.0,2016
23.7,9.2490842491,,Randolph,87.153614458,44.541626174,275.0,2016
16.0,7.323943662,,Ripley,82.5,36.92657293,260.0,2016
20.8,8.1648522551,,Rush,92.5,41.940990002,172.0,2016
26.5,8.1335921715,,St. Joseph,82.71622539,36.154298451,2644.0,2016
27.0,9.9526066351,,Scott,75.795886076,58.254200146,319.0,2016
16.5,6.4630488137,,Shelby,92.953422053,43.941809486,441.0,2016
12.8,6.8578553616,,Spencer,93.146258503,31.953376206,159.0,2016
23.6,6.8930562595,,Starke,87.105263158,44.110015568,255.0,2016
19.3,7.349581112,,Steuben,84.453560372,38.032338875,334.0,2016
21.8,8.2191780822,,Sullivan,85.216049383,51.760813047,219.0,2016
28.2,6.1403508772,,Switzerland,92.5,41.016495765,92.0,2016
20.3,7.0544161534,,Tippecanoe,85.911941294,25.212510603,1397.0,2016
13.3,8.2217973231,,Tipton,90.948275862,34.131571704,124.0,2016
21.7,5.5846422339,,Union,92.5,41.642897889,73.0,2016
25.4,9.1336754643,,Vanderburgh,81.747089263,39.267901875,1740.0,2016
20.1,8.7468460892,,Vermillion,92.5,45.868862099,156.0,2016
28.0,7.738814994,,Vigo,91.0,42.426536371,1233.0,2016
21.3,8.125247721,,Wabash,92.669902913,33.077715463,289.0,2016
16.3,6.1128526646,,Warren,92.5,27.221366204,53.0,2016
11.1,8.4800343495,,Warrick,91.0,25.692582663,345.0,2016
25.0,7.4593128391,,Washington,92.5,40.807174888,273.0,2016
26.3,7.8157349896,,Wayne,87.520945946,46.070633153,724.0,2016
15.8,7.8026149304,,Wells,93.50375,28.205128205,187.0,2016
17.9,7.9109426812,,White,85.711325967,46.37575315,254.0,2016
13.2,7.9451065367,,Whitley,92.032894737,30.743287067,237.0,2016
,,,,,,,2016
,,,,,,,2016
21.9,8.2111534061,,,86.607365793,38.889375656,62583.0,2015
28.6,7.2495130924,,Adams,93.896011396,30.933633296,275.0,2015
24.8,8.8599192863,,Allen,87.924383125,40.193199469,3545.0,2015
16.5,7.933929055,,Bartholomew,84.009793254,50.938489371,901.0,2015
18.4,5.1388888889,,Benton,97.5,32.755298651,68.0,2015
25.1,8.560311284,,Blackford,92.5,48.913043478,144.0,2015
8.7,6.510681587,,Boone,96.511515152,20.358842915,278.0,2015
19.9,5.6338028169,,Brown,92.5,22.073772872,76.0,2015
15.9,7.1984435798,,Carroll,92.5,27.351844177,132.0,2015
21.2,7.723687789,,Cass,85.901559454,49.049049049,441.0,2015
18.4,8.2165109034,,Clark,89.540734109,46.724532539,1082.0,2015
22.7,6.5080789946,,Clay,87.0,40.927694407,270.0,2015
20.6,7.5466025256,,Clinton,88.687358916,49.01096132,389.0,2015
30.4,8.0722891566,,Crawford,92.5,42.884250474,113.0,2015
23.5,6.8102288022,,Daviess,84.836448598,43.917147352,335.0,2015
15.9,7.5723830735,,Dearborn,87.236325386,33.866415804,396.0,2015
18.0,8.0454744206,,Decatur,95.008417508,48.092002091,276.0,2015
18.7,6.6235864297,,DeKalb,91.1896,41.865446402,430.0,2015
27.8,9.3514667866,,Delaware,91.976368159,24.779923155,1019.0,2015
10.4,7.2506738544,,Dubois,89.372865275,28.600100351,285.0,2015
20.3,7.3788206236,,Elkhart,85.502622378,52.216828808,2571.0,2015
25.9,7.7202072539,,Fayette,92.0,61.024337087,336.0,2015
17.7,8.3211678832,,Floyd,89.029380902,37.791506651,679.0,2015
19.2,6.5186246418,,Fountain,91.514830508,47.013977128,185.0,2015
15.9,7.2580645161,,Franklin,86.895781638,30.505569837,178.0,2015
25.2,7.4792243767,,Fulton,90.894736842,47.987949215,223.0,2015
15.9,7.3844030366,,Gibson,90.884074941,37.790697674,299.0,2015
33.3,9.7005778323,,Grant,90.286324786,39.531883524,858.0,2015
20.8,7.5588121867,,Greene,88.856951872,45.776566757,336.0,2015
6.1,7.0608474513,,Hamilton,92.065327339,13.634573735,831.0,2015
9.1,7.4795616629,,Hancock,91.852816153,27.659443107,448.0,2015
17.3,7.5057358243,,Harrison,92.523517382,34.0199028,294.0,2015
7.7,7.0754716981,,Hendricks,95.537174721,20.168716212,679.0,2015
23.8,8.1260844419,,Henry,90.227859779,36.06876994,407.0,2015
24.2,7.3515423291,,Howard,89.420326864,47.417666649,897.0,2015
18.5,9.0055069647,,Huntington,88.0,30.646303226,303.0,2015
17.8,7.2273986401,,Jackson,92.380081301,55.770639322,533.0,2015
14.7,6.7314365024,,Jasper,90.221606648,33.920187793,289.0,2015
27.2,8.6320754717,,Jay,93.0,41.496092296,223.0,2015
22.3,8.4758646902,,Jefferson,84.922413793,36.935854005,338.0,2015
24.0,8.1947743468,,Jennings,85.0,59.782608696,429.0,2015
14.7,6.9525716046,,Johnson,91.004558405,33.926903492,1126.0,2015
23.8,8.59375,,Knox,80.375615764,41.952558322,428.0,2015
17.8,7.016357983,,Kosciusko,86.669124877,39.564009852,755.0,2015
19.3,5.298781667,,LaGrange,90.931635389,26.225658088,268.0,2015
27.7,9.7608995253,,Lake,81.514389652,41.351628097,5048.0,2015
26.9,9.4851234438,,LaPorte,88.268240343,47.226798462,1118.0,2015
20.4,8.8806396345,,Lawrence,86.373552124,50.046054652,489.0,2015
29.6,8.3753602305,,Madison,86.744560487,46.348639624,1402.0,2015
30.1,9.3286024647,,Marion,77.161560458,55.353010626,11721.0,2015
18.2,6.3874103217,,Marshall,89.006161972,34.766776487,401.0,2015
21.4,6.4835164835,,Martin,74.940944882,41.25054277,95.0,2015
25.8,8.8224831021,,Miami,92.111260054,44.257498171,363.0,2015
17.8,7.2022767075,,Monroe,90.372646184,12.587465061,671.0,2015
19.4,7.8091765421,,Montgomery,97.5,46.467572989,417.0,2015
18.7,7.9356755812,,Morgan,88.443195266,37.826191046,632.0,2015
17.2,5.7843137255,,Newton,83.380681818,36.476868327,123.0,2015
19.3,7.5235797324,,Noble,87.018292683,43.996174246,506.0,2015
17.2,6.3106796117,,Ohio,82.5,37.569944045,47.0,2015
27.6,8.3847102343,,Orange,90.848623853,39.304923459,190.0,2015
25.2,7.0481927711,,Owen,87.5,41.525103813,220.0,2015
28.5,7.1158213475,,Parke,86.428571429,39.731682147,154.0,2015
19.4,9.4488188976,,Perry,85.936018957,51.813471503,200.0,2015
18.6,9.6585365854,,Pike,97.5,42.620641071,121.0,2015
15.0,6.9646241314,,Porter,91.590009653,22.408207343,913.0,2015
13.4,6.8205666317,,Posey,86.03968254,28.853947155,178.0,2015
19.9,6.0747663551,,Pulaski,85.505952381,39.050296782,125.0,2015
18.2,6.6641133665,,Putnam,81.388888889,27.787769784,309.0,2015
26.2,8.3486238532,,Randolph,90.0,45.165394402,284.0,2015
15.1,6.8870523416,,Ripley,83.899253731,36.389280677,258.0,2015
19.1,8.1101190476,,Rush,97.5,43.927028325,183.0,2015
29.1,8.3073566085,,St. Joseph,83.582208807,38.339528108,2816.0,2015
24.5,9.2228464419,,Scott,72.308823529,62.785179777,344.0,2015
18.1,7.2697899838,,Shelby,89.126102293,44.508043028,451.0,2015
13.8,7.1875,,Spencer,90.678694158,31.05221519,157.0,2015
28.4,7.3872087258,,Starke,80.789473684,46.613747678,276.0,2015
19.0,7.6007677543,,Steuben,86.315705128,39.864483343,353.0,2015
23.8,7.5093867334,,Sullivan,87.5,51.513051513,223.0,2015
32.6,5.8230683091,,Switzerland,87.5,39.479392625,91.0,2015
18.5,7.0156399617,,Tippecanoe,86.466295812,25.476104923,1418.0,2015
14.5,7.962962963,,Tipton,95.816582915,33.912099837,125.0,2015
21.2,5.8430717863,,Union,82.334710744,42.134831461,75.0,2015
26.9,9.3313253012,,Vanderburgh,82.577524038,41.09772423,1842.0,2015
20.3,8.5397096499,,Vermillion,89.857142857,43.088490457,149.0,2015
29.7,7.8439917202,,Vigo,91.0,42.968616894,1261.0,2015
21.3,8.5848686789,,Wabash,91.130319149,33.801235261,301.0,2015
16.0,5.9451219512,,Warren,92.5,32.663316583,65.0,2015
11.1,8.2783570973,,Warrick,87.0,26.145251397,351.0,2015
24.7,7.0880361174,,Washington,87.080882353,41.617647059,283.0,2015
30.6,7.8969523489,,Wayne,83.403401361,48.136645963,775.0,2015
17.3,7.8600823045,,Wells,91.179846939,27.617781716,187.0,2015
19.3,7.7464788732,,White,88.248502994,46.93076374,263.0,2015
13.2,8.091436865,,Whitley,93.469465649,31.388382391,241.0,2015
,,,,,,,2015
,,,,,,,2015
22.1,8.3,,,86.545313361,40.156179812,64721.0,2014
33.2,6.9,,Adams,92.776785714,31.152993348,281.0,2014
23.4,8.9,,Allen,89.572143036,41.808127718,3682.0,2014
16.7,7.9,,Bartholomew,81.448506694,52.598799683,929.0,2014
17.2,5.8,,Benton,97.5,35.004730369,74.0,2014
25.0,9.3,,Blackford,92.5,52.417991207,155.0,2014
8.3,6.4,,Boone,95.826407507,22.015177699,293.0,2014
21.3,5.8,,Brown,92.5,22.025171625,77.0,2014
14.9,6.7,,Carroll,92.5,27.973477,135.0,2014
23.7,7.6,,Cass,85.461764706,47.861169448,433.0,2014
18.2,8.2,,Clark,83.333745875,48.108319909,1105.0,2014
22.9,6.2,,Clay,88.0,41.523010043,277.0,2014
21.0,7.5,,Clinton,85.55856833,50.527622595,407.0,2014
31.9,8.4,,Crawford,87.5,40.37037037,109.0,2014
24.2,7.1,,Daviess,87.912280702,45.697174847,351.0,2014
14.2,7.7,,Dearborn,90.426160338,35.438360766,422.0,2014
22.7,7.6,,Decatur,94.734726688,48.019628461,274.0,2014
17.0,6.9,,DeKalb,88.730833333,44.144755991,455.0,2014
26.5,9.5,,Delaware,89.006009615,25.061258158,1033.0,2014
10.5,7.2,,Dubois,90.900493421,28.657616893,285.0,2014
21.2,7.3,,Elkhart,85.417864924,55.215714776,2735.0,2014
25.7,8.1,,Fayette,83.0,59.758079076,331.0,2014
20.0,8.5,,Floyd,91.71767497,39.813685261,718.0,2014
18.5,6.7,,Fountain,85.918972332,47.369733234,190.0,2014
17.1,7.4,,Franklin,88.1,30.566939891,179.0,2014
23.1,7.2,,Fulton,90.296391753,51.127819549,238.0,2014
14.9,7.2,,Gibson,90.364321608,38.891713269,306.0,2014
26.6,9.5,,Grant,88.107264472,40.680913376,889.0,2014
22.0,8.2,,Greene,87.908847185,46.377973804,347.0,2014
5.6,7.1,,Hamilton,92.289043584,14.435153642,839.0,2014
9.7,7.6,,Hancock,91.254180602,28.598425197,454.0,2014
15.9,7.8,,Harrison,91.779510022,32.900728597,289.0,2014
7.2,7.3,,Hendricks,95.401119403,21.65017711,709.0,2014
22.6,7.9,,Henry,83.399521531,38.810972921,440.0,2014
26.8,7.8,,Howard,89.78897716,48.742384002,936.0,2014
16.1,8.9,,Huntington,85.0,29.041916168,291.0,2014
18.1,7.5,,Jackson,90.52689243,56.822938468,543.0,2014
14.6,6.9,,Jasper,84.485330073,34.761235955,297.0,2014
25.8,8.0,,Jay,88.0,44.436215516,240.0,2014
22.7,8.2,,Jefferson,83.723214286,36.602897269,331.0,2014
22.6,8.1,,Jennings,82.0,64.199607513,458.0,2014
13.1,6.9,,Johnson,89.868435449,33.77282878,1104.0,2014
23.0,8.7,,Knox,82.914043584,42.119565217,434.0,2014
16.4,7.0,,Kosciusko,87.790433925,41.09517601,788.0,2014
20.8,5.4,,LaGrange,83.244125326,26.394663057,273.0,2014
31.3,9.9,,Lake,83.41160221,43.374838001,5288.0,2014
26.8,9.6,,LaPorte,89.5379046,47.69482015,1139.0,2014
23.0,9.3,,Lawrence,79.236242884,50.631621842,497.0,2014
23.7,8.6,,Madison,78.582957958,48.270893372,1474.0,2014
32.3,9.4,,Marion,81.154607811,57.448628527,12223.0,2014
18.6,6.5,,Marshall,85.269485904,36.646499568,424.0,2014
18.8,7.7,,Martin,79.197761194,39.518900344,92.0,2014
24.5,8.1,,Miami,89.136597938,45.792375929,382.0,2014
20.2,7.1,,Monroe,87.841897233,12.733494138,681.0,2014
22.3,8.1,,Montgomery,92.635699374,48.281232618,434.0,2014
18.8,7.9,,Morgan,86.678114086,38.26055619,637.0,2014
17.3,6.3,,Newton,75.618811881,35.047400172,122.0,2014
21.2,7.7,,Noble,85.239814815,46.979284043,542.0,2014
18.3,6.3,,Ohio,,32.899770467,43.0,2014
25.8,8.3,,Orange,90.178571429,42.623629216,206.0,2014
26.4,7.4,,Owen,82.5,42.697452813,233.0,2014
28.7,7.0,,Parke,88.896713615,37.802419355,150.0,2014
19.3,9.7,,Perry,88.603896104,51.12629714,202.0,2014
15.8,9.7,,Pike,97.5,44.900800557,129.0,2014
13.2,7.0,,Porter,90.303126416,22.416366884,916.0,2014
13.9,7.0,,Posey,87.295795796,27.052532243,172.0,2014
20.8,6.8,,Pulaski,90.443037975,41.045910611,135.0,2014
17.0,7.2,,Putnam,85.32208589,29.8374129,334.0,2014
27.3,8.8,,Randolph,86.115384615,45.755758914,290.0,2014
17.0,7.0,,Ripley,82.951263538,39.154929577,278.0,2014
20.6,8.8,,Rush,97.5,46.020192533,196.0,2014
24.0,8.4,,St. Joseph,82.849312715,40.35411688,2972.0,2014
28.2,9.1,,Scott,72.46257485,63.226744186,348.0,2014
19.2,7.2,,Shelby,91.059336824,45.441190873,464.0,2014
13.2,7.8,,Spencer,89.702797203,32.062561095,164.0,2014
25.9,7.5,,Starke,82.949346405,49.849447976,298.0,2014
20.5,7.6,,Steuben,88.571428571,40.143128704,359.0,2014
23.6,7.8,,Sullivan,87.5,49.76141786,219.0,2014
33.4,6.3,,Switzerland,82.5,37.958667229,90.0,2014
20.3,7.0,,Tippecanoe,83.021937843,25.230427142,1407.0,2014
14.5,8.3,,Tipton,95.77014218,34.933333333,131.0,2014
21.8,5.4,,Union,82.5,43.213296399,78.0,2014
21.0,9.2,,Vanderburgh,81.584494774,41.840634458,1894.0,2014
21.3,8.5,,Vermillion,89.116161616,43.826983672,153.0,2014
29.0,8.0,,Vigo,88.0,42.447237373,1253.0,2014
18.8,8.4,,Wabash,89.142857143,34.714569099,315.0,2014
14.5,6.0,,Warren,92.5,33.847685416,68.0,2014
13.9,8.2,,Warrick,91.0,26.478705154,355.0,2014
26.7,7.0,,Washington,89.413043478,42.701525054,294.0,2014
33.0,8.2,,Wayne,83.15738342,50.10007885,826.0,2014
16.9,7.8,,Wells,93.017412935,26.113448426,180.0,2014
17.7,7.0,,White,84.002659574,45.954918749,263.0,2014
13.7,8.2,,Whitley,94.306615776,30.771245253,235.0,2014
,,,,,,,2014
,,,,,,,2014
22.6,8.3,85.662681116,,,41.255272679,66282.0,2013
28.3,7.0,91.836734694,Adams,,31.21577218,285.0,2013
24.9,9.0,89.58958959,Allen,,43.755144974,3827.0,2013
19.5,7.8,80.947476828,Bartholomew,,53.627579898,938.0,2013
17.8,5.9,95.394736842,Benton,,36.465638149,78.0,2013
24.5,9.1,91.044776119,Blackford,,50.910316925,151.0,2013
9.3,6.7,95.844504021,Boone,,23.404912714,303.0,2013
21.8,6.3,94.252873563,Brown,,21.813031161,77.0,2013
17.3,7.0,93.150684932,Carroll,,28.051078082,134.0,2013
22.0,7.7,84.509803922,Cass,,47.906823426,436.0,2013
18.5,8.2,85.459183673,Clark,,48.609271523,1101.0,2013
21.4,6.2,88.307692308,Clay,,42.824943651,285.0,2013
24.4,7.6,85.68329718,Clinton,,53.33821555,437.0,2013
29.8,9.5,87.068965517,Crawford,,43.175997073,118.0,2013
23.0,7.5,88.421052632,Daviess,,46.811839875,359.0,2013
13.8,7.6,90.99859353,Dearborn,,35.948526359,433.0,2013
21.5,7.5,93.870967742,Decatur,,48.304031256,272.0,2013
18.3,6.4,88.5,DeKalb,,45.720413336,469.0,2013
26.1,9.3,89.685737309,Delaware,,25.39242844,1045.0,2013
10.4,7.3,90.460526316,Dubois,,31.196365472,309.0,2013
27.4,7.2,85.47754034,Elkhart,,57.604105631,2851.0,2013
30.7,8.1,83.056478405,Fayette,,61.004138924,339.0,2013
18.3,8.6,92.170818505,Floyd,,39.552404166,714.0,2013
18.2,6.2,85.770750988,Fountain,,48.900963201,198.0,2013
16.1,7.9,87.733333333,Franklin,,31.047424087,182.0,2013
23.2,7.4,88.659793814,Fulton,,52.237208307,244.0,2013
15.0,7.9,89.195979899,Gibson,,38.594691627,301.0,2013
25.5,9.4,87.968217934,Grant,,41.61897349,909.0,2013
21.0,8.2,86.595174263,Greene,,46.856386499,354.0,2013
6.2,7.0,92.209760533,Hamilton,,15.462239583,855.0,2013
10.1,7.8,91.192865106,Hancock,,29.067889671,450.0,2013
16.7,7.7,91.982182628,Harrison,,34.161843151,301.0,2013
7.4,7.0,94.989339019,Hendricks,,21.25649504,675.0,2013
24.1,8.1,83.68,Henry,,40.809084457,460.0,2013
24.8,7.9,89.275074479,Howard,,48.596391459,940.0,2013
17.8,8.5,85.256410256,Huntington,,29.376854599,297.0,2013
20.0,7.5,92.168674699,Jackson,,57.945104638,551.0,2013
14.8,6.8,84.841075795,Jasper,,34.587876656,295.0,2013
27.7,7.8,87.804878049,Jay,,44.556301268,239.0,2013
22.1,8.0,83.333333333,Jefferson,,37.024532973,329.0,2013
21.6,7.8,81.67539267,Jennings,,68.74115983,486.0,2013
13.1,6.9,89.879649891,Johnson,,34.507481297,1107.0,2013
27.0,8.2,82.808716707,Knox,,41.998274044,438.0,2013
16.4,7.0,88.837744534,Kosciusko,,41.809851088,803.0,2013
21.1,5.4,82.767624021,LaGrange,,26.358826359,274.0,2013
30.2,10.0,83.149529679,Lake,,44.90743418,5436.0,2013
25.9,9.5,89.352640545,LaPorte,,48.965632299,1174.0,2013
23.1,8.8,79.885057471,Lawrence,,51.076360682,503.0,2013
29.4,8.6,81.395348837,Madison,,48.315775784,1486.0,2013
31.9,9.4,81.211852181,Marion,,59.936374075,12736.0,2013
17.9,6.5,84.908789386,Marshall,,37.99326483,440.0,2013
20.1,8.2,76.865671642,Martin,,45.319779754,107.0,2013
22.7,7.9,89.432989691,Miami,,46.210067193,392.0,2013
17.6,7.2,88.511488511,Monroe,,13.094881772,700.0,2013
24.1,8.2,92.901878914,Montgomery,,50.499382785,450.0,2013
17.0,7.9,86.728754366,Morgan,,39.718360715,660.0,2013
22.5,7.0,76.732673267,Newton,,34.221598878,122.0,2013
18.7,7.6,85.555555556,Noble,,49.563186576,573.0,2013
17.5,5.8,89.830508475,Ohio,,30.634573304,42.0,2013
25.8,8.0,90.476190476,Orange,,42.33787691,205.0,2013
25.2,7.5,82.323232323,Owen,,44.835007174,250.0,2013
28.4,7.3,85.915492958,Parke,,37.880663531,153.0,2013
17.9,9.2,90.043290043,Perry,,48.171936759,195.0,2013
17.1,9.4,96.0,Pike,,43.778007584,127.0,2013
14.3,7.1,90.031717263,Porter,,22.452377455,917.0,2013
16.9,7.3,87.387387387,Posey,,27.12228011,177.0,2013
20.0,6.9,89.873417722,Pulaski,,41.928721174,140.0,2013
17.8,7.1,85.889570552,Putnam,,31.236055332,350.0,2013
26.5,8.5,87.076923077,Randolph,,46.471054718,293.0,2013
16.7,6.6,82.310469314,Ripley,,40.747028862,288.0,2013
20.5,9.4,95.930232558,Rush,,45.026418562,196.0,2013
29.6,8.3,84.01810585,St. Joseph,,40.842893174,3012.0,2013
34.0,9.2,71.856287425,Scott,,63.059769695,345.0,2013
18.7,8.0,90.54290718,Shelby,,45.211473019,465.0,2013
14.5,7.5,91.258741259,Spencer,,31.919034644,164.0,2013
25.4,7.0,81.37254902,Starke,,51.649450183,310.0,2013
21.0,7.9,89.253731343,Steuben,,40.898424405,366.0,2013
22.6,8.0,84.959349593,Sullivan,,47.896150403,214.0,2013
29.4,6.6,84.210526316,Switzerland,,36.408771204,88.0,2013
20.8,6.9,83.059110299,Tippecanoe,,25.308463814,1403.0,2013
13.8,8.2,94.312796209,Tipton,,38.69599788,146.0,2013
22.7,5.0,83.333333333,Union,,45.801526718,84.0,2013
22.1,9.1,83.097762073,Vanderburgh,,42.623670067,1943.0,2013
20.4,7.9,87.878787879,Vermillion,,43.962318013,154.0,2013
25.4,7.9,88.400374181,Vigo,,42.409425826,1249.0,2013
23.4,8.9,88.325991189,Wabash,,34.8647768,321.0,2013
15.3,5.8,90.598290598,Warren,,32.032032032,64.0,2013
12.3,8.3,91.260744986,Warrick,,26.823953716,357.0,2013
24.2,7.1,88.115942029,Washington,,42.53171857,295.0,2013
33.5,8.2,83.595800525,Wayne,,51.766102701,872.0,2013
15.9,7.7,92.786069652,Wells,,24.274633726,169.0,2013
18.8,6.6,83.244680851,White,,44.73503097,260.0,2013
13.7,8.3,90.892193309,Whitley,,31.6580926,240.0,2013
21.6,8.1,84.1,,,43.9,67062.0,2012
29.6,6.5,89.6,Adams,,33.2,295.0,2012
19.8,8.9,87.9,Allen,,46.7,3875.0,2012
22.0,7.5,83.7,Bartholomew,,58.0,944.0,2012
17.5,5.4,90.4,Benton,,40.6,87.0,2012
24.3,8.6,86.1,Blackford,,57.9,160.0,2012
9.6,6.7,97.3,Boone,,26.8,324.0,2012
21.0,6.5,89.3,Brown,,20.8,68.0,2012
16.3,6.7,88.6,Carroll,,30.8,140.0,2012
25.5,7.5,82.8,Cass,,53.4,450.0,2012
19.1,8.1,87.5,Clark,,50.4,1052.0,2012
22.2,6.9,91.5,Clay,,46.3,298.0,2012
21.5,7.7,85.3,Clinton,,58.1,458.0,2012
28.0,8.8,81.5,Crawford,,47.5,122.0,2012
23.7,7.2,82.5,Daviess,,48.5,363.0,2012
14.2,7.7,87.7,Dearborn,,36.6,451.0,2012
21.7,7.1,92.7,Decatur,,52.5,277.0,2012
15.6,6.1,87.6,DeKalb,,48.8,474.0,2012
27.5,9.2,93.3,Delaware,,28.2,1054.0,2012
9.9,7.0,90.0,Dubois,,32.1,310.0,2012
26.8,6.9,84.0,Elkhart,,61.3,2846.0,2012
25.5,8.6,78.3,Fayette,,60.1,307.0,2012
19.3,8.3,86.8,Floyd,,40.0,693.0,2012
19.5,7.1,87.7,Fountain,,46.9,182.0,2012
18.4,8.0,86.1,Franklin,,35.1,199.0,2012
21.6,6.9,89.5,Fulton,,50.5,230.0,2012
15.9,7.9,89.3,Gibson,,37.7,278.0,2012
29.7,9.4,81.6,Grant,,44.9,936.0,2012
20.7,8.5,90.9,Greene,,48.9,369.0,2012
6.3,6.8,90.1,Hamilton,,15.6,857.0,2012
10.6,7.2,91.1,Hancock,,33.7,466.0,2012
16.5,7.5,89.7,Harrison,,36.2,312.0,2012
8.0,6.7,93.7,Hendricks,,22.7,665.0,2012
23.5,7.7,81.7,Henry,,42.9,442.0,2012
24.5,8.0,91.5,Howard,,55.2,995.0,2012
15.8,8.3,88.6,Huntington,,30.4,306.0,2012
18.9,7.9,87.5,Jackson,,65.2,574.0,2012
13.9,6.3,87.1,Jasper,,36.4,301.0,2012
26.0,8.3,84.1,Jay,,48.3,235.0,2012
22.8,7.5,75.9,Jefferson,,38.1,321.0,2012
22.4,7.5,81.7,Jennings,,73.1,463.0,2012
14.8,6.7,91.9,Johnson,,34.2,1057.0,2012
22.9,8.1,82.6,Knox,,41.4,422.0,2012
19.7,7.0,83.1,Kosciusko,,46.5,820.0,2012
26.9,5.3,87.7,LaGrange,,32.4,304.0,2012
26.0,9.7,80.2,Lake,,45.9,5466.0,2012
25.0,9.2,84.3,LaPorte,,52.0,1212.0,2012
22.6,7.9,83.3,Lawrence,,52.2,498.0,2012
27.7,8.7,74.7,Madison,,51.4,1494.0,2012
30.7,9.2,80.8,Marion,,66.8,13096.0,2012
19.0,6.1,86.4,Marshall,,41.8,458.0,2012
18.9,8.6,78.6,Martin,,48.8,114.0,2012
23.8,7.5,90.9,Miami,,47.3,388.0,2012
18.1,7.0,87.2,Monroe,,14.2,702.0,2012
22.9,7.7,93.5,Montgomery,,55.2,452.0,2012
18.1,8.5,87.8,Morgan,,41.8,680.0,2012
16.8,7.9,76.0,Newton,,33.7,113.0,2012
19.4,7.8,78.9,Noble,,51.5,582.0,2012
14.3,6.3,84.6,Ohio,,41.0,55.0,2012
26.5,8.2,88.0,Orange,,48.9,216.0,2012
22.5,7.0,73.5,Owen,,45.3,257.0,2012
27.5,7.9,83.7,Parke,,38.7,149.0,2012
17.3,8.9,84.9,Perry,,49.8,195.0,2012
20.1,9.6,91.0,Pike,,43.2,115.0,2012
13.5,7.1,90.2,Porter,,23.5,937.0,2012
13.5,7.2,91.3,Posey,,26.7,186.0,2012
21.6,7.5,88.5,Pulaski,,41.8,139.0,2012
17.6,7.2,82.6,Putnam,,35.2,365.0,2012
26.2,8.1,87.9,Randolph,,51.4,292.0,2012
15.1,7.1,79.9,Ripley,,44.1,283.0,2012
20.5,9.2,92.8,Rush,,51.5,217.0,2012
24.1,8.3,81.1,St. Joseph,,41.5,3099.0,2012
28.8,9.3,76.3,Scott,,67.5,341.0,2012
18.9,8.2,88.6,Shelby,,47.7,486.0,2012
15.2,7.4,92.5,Spencer,,31.8,159.0,2012
30.2,7.4,78.3,Starke,,56.6,319.0,2012
19.9,8.1,86.2,Steuben,,46.0,372.0,2012
21.0,8.9,86.3,Sullivan,,47.4,210.0,2012
27.3,7.6,76.9,Switzerland,,40.8,93.0,2012
20.1,7.0,83.0,Tippecanoe,,26.4,1322.0,2012
14.5,8.3,89.6,Tipton,,41.4,150.0,2012
20.1,4.5,81.3,Union,,47.3,80.0,2012
25.1,9.2,87.5,Vanderburgh,,44.8,1980.0,2012
20.2,8.1,90.1,Vermillion,,38.1,132.0,2012
27.0,7.8,84.8,Vigo,,43.9,1206.0,2012
18.4,8.7,84.6,Wabash,,38.1,346.0,2012
16.1,5.3,95.6,Warren,,30.1,58.0,2012
10.4,8.0,86.9,Warrick,,27.9,377.0,2012
24.6,6.5,87.6,Washington,,46.5,300.0,2012
29.8,8.2,83.4,Wayne,,55.9,908.0,2012
14.5,7.9,89.8,Wells,,26.4,176.0,2012
18.4,6.6,83.3,White,,46.0,252.0,2012
13.4,8.0,89.1,Whitley,,34.3,253.0,2012
,,,,,,,2012
,,,,,,,2012
17.9,8.04,74.0,,,44.7,67564.0,2011
23.7,6.5,85.0,Adams,,34.2,301.0,2011
16.3,8.78,75.0,Allen,,47.5,3908.0,2011
15.1,7.36,70.0,Bartholomew,,59.2,935.0,2011
15.1,5.98,80.0,Benton,,40.5,86.0,2011
21.2,8.62,65.0,Blackford,,65.7,171.0,2011
7.8,6.28,85.0,Boone,,27.2,312.0,2011
15.4,7.4,75.0,Brown,,20.2,64.0,2011
12.2,6.62,75.0,Carroll,,32.1,142.0,2011
16.8,7.68,80.0,Cass,,57.3,467.0,2011
15.4,7.97,75.0,Clark,,51.9,1057.0,2011
18.2,6.71,75.0,Clay,,47.2,303.0,2011
19.9,7.38,75.0,Clinton,,62.4,468.0,2011
26.5,8.13,70.0,Crawford,,46.1,118.0,2011
23.4,6.87,75.0,Daviess,,47.9,355.0,2011
11.4,7.33,85.0,Dearborn,,36.4,449.0,2011
18.4,7.09,80.0,Decatur,,56.0,287.0,2011
14.2,5.91,80.0,DeKalb,,51.1,487.0,2011
21.7,9.04,70.0,Delaware,,28.3,1083.0,2011
8.2,6.61,90.0,Dubois,,33.1,311.0,2011
18.0,6.86,70.0,Elkhart,,62.8,2801.0,2011
21.3,8.81,65.0,Fayette,,60.5,303.0,2011
16.3,8.26,80.0,Floyd,,38.7,674.0,2011
15.4,7.82,75.0,Fountain,,48.2,182.0,2011
13.7,7.85,90.0,Franklin,,38.1,211.0,2011
17.9,7.15,75.0,Fulton,,49.5,218.0,2011
14.5,7.71,80.0,Gibson,,41.5,299.0,2011
25.6,9.36,70.0,Grant,,45.0,929.0,2011
20.0,8.53,70.0,Greene,,50.1,379.0,2011
5.0,6.81,90.0,Hamilton,,16.0,815.0,2011
7.0,6.75,85.0,Hancock,,35.7,463.0,2011
14.2,7.38,85.0,Harrison,,38.6,337.0,2011
6.3,6.55,90.0,Hendricks,,23.5,649.0,2011
16.7,7.75,80.0,Henry,,44.7,453.0,2011
20.5,8.01,75.0,Howard,,56.8,998.0,2011
14.5,7.88,75.0,Huntington,,31.5,320.0,2011
14.8,8.01,80.0,Jackson,,66.0,566.0,2011
12.4,6.3,85.0,Jasper,,36.6,289.0,2011
24.7,8.79,70.0,Jay,,49.7,238.0,2011
18.0,7.49,70.0,Jefferson,,37.2,313.0,2011
18.1,7.2,65.0,Jennings,,78.7,474.0,2011
10.7,6.62,80.0,Johnson,,33.8,1011.0,2011
23.3,8.01,80.0,Knox,,40.8,437.0,2011
12.6,6.88,75.0,Kosciusko,,48.3,834.0,2011
16.6,5.44,70.0,LaGrange,,35.0,318.0,2011
24.7,9.49,70.0,Lake,,46.9,5583.0,2011
19.0,8.87,70.0,LaPorte,,53.8,1229.0,2011
19.8,7.57,75.0,Lawrence,,56.4,522.0,2011
21.4,8.9,70.0,Madison,,51.3,1480.0,2011
24.0,9.1,60.0,Marion,,68.3,13152.0,2011
12.8,6.55,80.0,Marshall,,44.2,477.0,2011
17.8,8.8,80.0,Martin,,48.6,116.0,2011
20.4,6.93,75.0,Miami,,49.6,405.0,2011
18.9,6.88,80.0,Monroe,,13.4,699.0,2011
17.4,7.44,80.0,Montgomery,,58.9,452.0,2011
14.6,8.28,70.0,Morgan,,42.4,674.0,2011
14.0,8.07,65.0,Newton,,36.7,119.0,2011
15.0,7.61,75.0,Noble,,56.3,623.0,2011
13.6,7.19,75.0,Ohio,,50.9,65.0,2011
23.7,8.39,80.0,Orange,,53.9,231.0,2011
21.6,7.51,65.0,Owen,,49.3,267.0,2011
24.8,8.04,80.0,Parke,,39.8,152.0,2011
16.2,8.84,80.0,Perry,,50.9,199.0,2011
14.2,10.08,80.0,Pike,,45.1,117.0,2011
11.2,6.95,85.0,Porter,,25.1,990.0,2011
12.5,6.92,90.0,Posey,,27.7,195.0,2011
18.5,6.76,85.0,Pulaski,,41.7,136.0,2011
14.9,7.44,75.0,Putnam,,38.3,385.0,2011
21.3,8.08,85.0,Randolph,,52.8,293.0,2011
13.7,7.11,80.0,Ripley,,45.9,282.0,2011
15.7,8.95,80.0,Rush,,52.5,221.0,2011
19.3,8.08,70.0,St. Joseph,,42.3,3106.0,2011
24.7,9.11,75.0,Scott,,70.8,349.0,2011
15.7,8.06,80.0,Shelby,,49.1,489.0,2011
13.1,7.57,95.0,Spencer,,33.7,167.0,2011
24.1,7.38,70.0,Starke,,59.4,329.0,2011
15.3,7.78,80.0,Steuben,,48.6,389.0,2011
19.9,9.75,80.0,Sullivan,,48.6,220.0,2011
26.8,7.56,80.0,Switzerland,,42.1,93.0,2011
16.2,6.89,80.0,Tippecanoe,,23.9,1262.0,2011
11.0,8.1,85.0,Tipton,,39.7,145.0,2011
19.3,4.89,80.0,Union,,44.2,74.0,2011
23.8,9.2,75.0,Vanderburgh,,44.9,2011.0,2011
16.7,8.0,80.0,Vermillion,,39.2,133.0,2011
25.3,7.59,70.0,Vigo,,40.7,1170.0,2011
16.2,8.54,75.0,Wabash,,40.3,370.0,2011
12.5,4.89,85.0,Warren,,31.0,60.0,2011
10.0,7.63,85.0,Warrick,,29.3,391.0,2011
21.6,6.53,75.0,Washington,,48.1,305.0,2011
26.7,8.06,65.0,Wayne,,56.2,908.0,2011
12.8,7.62,85.0,Wells,,28.4,186.0,2011
17.0,6.48,75.0,White,,50.3,266.0,2011
10.2,7.86,70.0,Whitley,,36.3,262.0,2011
,,,,,,,2011
,,,,,,,2011
